{"cameraMode":{"drawMode":0,"name":"Shaded","section":"Shading Mode"},"sceneLighting":false,"audioPlay":false,"sceneViewState":{"m_AlwaysRefresh":false,"showFog":true,"showSkybox":false,"showFlares":true,"showImageEffects":true,"showParticleSystems":true,"showVisualEffectGraphs":true,"m_FxEnabled":true},"in2DMode":false,"pivot":{"x":-11.921607971191407,"y":24.814075469970704,"z":6.22647762298584},"rotation":{"x":-0.0074707879684865479,"y":-0.9758911728858948,"z":-0.0336727611720562,"w":0.21567249298095704},"size":49.93927001953125,"orthographic":true}